camera_id, tX, tY, tZ, r00, r01, r02, r10, r11, r12, r20, r21, r22
0, 0.0, 0.0, 10.0, 1.0, 0.0, -0.0, 0.0, 1.0, 0.0, 0.0, 0.0, 1.0
1, 2.5881904510252074, -0.005, 9.659258262890683, 0.9659258262890683, 0.0, -0.25881904510252074, 0.0, 1.0, 0.0, 0.25881904510252074, 0.0, 0.9659258262890683
2, 4.999999999999999, -0.01, 8.660254037844387, 0.8660254037844387, 0.0, -0.49999999999999994, 0.0, 1.0, 0.0, 0.49999999999999994, 0.0, 0.8660254037844387
3, 7.0710678118654755, -0.015, 7.0710678118654755, 0.7071067811865476, 0.0, -0.7071067811865476, 0.0, 1.0, 0.0, 0.7071067811865476, 0.0, 0.7071067811865476
4, 8.660254037844386, -0.02, 5.000000000000001, 0.5000000000000001, 0.0, -0.8660254037844386, 0.0, 1.0, 0.0, 0.8660254037844386, 0.0, 0.5000000000000001
5, 9.659258262890683, -0.025, 2.5881904510252074, 0.25881904510252074, 0.0, -0.9659258262890683, 0.0, 1.0, 0.0, 0.9659258262890683, 0.0, 0.25881904510252074
6, 10.0, -0.03, 6.123233995736766e-16, 6.123233995736766e-17, 0.0, -1.0, 0.0, 1.0, 0.0, 1.0, 0.0, 6.123233995736766e-17
7, 9.659258262890683, -0.035, -2.5881904510252065, -0.25881904510252063, 0.0, -0.9659258262890683, 0.0, 1.0, 0.0, 0.9659258262890683, 0.0, -0.25881904510252063
8, 8.660254037844387, -0.04, -4.999999999999998, -0.4999999999999998, 0.0, -0.8660254037844387, 0.0, 1.0, 0.0, 0.8660254037844387, 0.0, -0.4999999999999998
9, 7.0710678118654755, -0.045, -7.071067811865475, -0.7071067811865475, 0.0, -0.7071067811865476, 0.0, 1.0, 0.0, 0.7071067811865476, 0.0, -0.7071067811865475
10, 4.999999999999999, -0.05, -8.660254037844387, -0.8660254037844387, 0.0, -0.49999999999999994, 0.0, 1.0, 0.0, 0.49999999999999994, 0.0, -0.8660254037844387
11, 2.58819045102521, -0.055, -9.659258262890681, -0.9659258262890682, 0.0, -0.258819045102521, 0.0, 1.0, 0.0, 0.258819045102521, 0.0, -0.9659258262890682
12, 1.2246467991473533e-15, -0.06, -10.0, -0.9998476951563913, 0.0, 0.017452406437283192, 0.0, 1.0, 0.0, -0.017452406437283192, 0.0, -0.9998476951563913
13, -2.588190451025208, -0.065, -9.659258262890683, -0.961261695938319, 0.0, 0.2756373558169986, 0.0, 1.0, 0.0, -0.2756373558169986, 0.0, -0.961261695938319
14, -4.999999999999997, -0.07, -8.660254037844389, -0.8571673007021123, 0.0, 0.5150380749100542, 0.0, 1.0, 0.0, -0.5150380749100542, 0.0, -0.8571673007021123
15, -7.071067811865471, -0.075, -7.071067811865479, -0.6946583704589975, 0.0, 0.7193398003386509, 0.0, 1.0, 0.0, -0.7193398003386509, 0.0, -0.6946583704589975
16, -8.660254037844386, -0.08, -5.000000000000004, -0.4848096202463376, 0.0, 0.8746197071393955, 0.0, 1.0, 0.0, -0.8746197071393955, 0.0, -0.4848096202463376
17, -9.659258262890683, -0.085, -2.5881904510252065, -0.24192189559966779, 0.0, 0.9702957262759965, 0.0, 1.0, 0.0, -0.9702957262759965, 0.0, -0.24192189559966779
18, -10.0, -0.09, -1.8369701987210296e-15, 0.01745240643728313, 0.0, 0.9998476951563913, 0.0, 1.0, 0.0, -0.9998476951563913, 0.0, 0.01745240643728313
19, -9.659258262890685, -0.095, 2.588190451025203, 0.2756373558169985, 0.0, 0.961261695938319, 0.0, 1.0, 0.0, -0.961261695938319, 0.0, 0.2756373558169985
20, -8.660254037844386, -0.1, 5.000000000000001, 0.5150380749100542, 0.0, 0.8571673007021123, 0.0, 1.0, 0.0, -0.8571673007021123, 0.0, 0.5150380749100542
21, -7.071067811865477, -0.105, 7.071067811865474, 0.7193398003386509, 0.0, 0.6946583704589976, 0.0, 1.0, 0.0, -0.6946583704589976, 0.0, 0.7193398003386509
22, -5.000000000000004, -0.11, 8.660254037844384, 0.8746197071393954, 0.0, 0.48480962024633767, 0.0, 1.0, 0.0, -0.48480962024633767, 0.0, 0.8746197071393954
23, -2.588190451025216, -0.115, 9.659258262890681, 0.9702957262759965, 0.0, 0.24192189559966787, 0.0, 1.0, 0.0, -0.24192189559966787, 0.0, 0.9702957262759965
